date,vi
2024-01-04,18.69
2024-01-05,18.46
2024-01-09,19.2
2024-01-10,19.62
2024-01-11,21.08
2024-01-12,22.4
2024-01-15,22.47
2024-01-16,21.2
2024-01-17,20.66
2024-01-18,20.45
2024-01-19,20.67
2024-01-22,21.9
2024-01-23,21.06
2024-01-24,19.72
2024-01-25,19.33
2024-01-26,19.64
2024-01-29,19.81
2024-01-30,18.84
2024-01-31,18.96
2024-02-01,18.77
2024-02-02,19.39
2024-02-05,19.97
2024-02-06,19.68
2024-02-07,19.39
2024-02-08,19.8
2024-02-09,19.25
2024-02-13,19.48
2024-02-14,19.48
2024-02-15,19.58
2024-02-16,21.6
2024-02-19,19.88
2024-02-20,19.45
2024-02-21,20.55
2024-02-22,19.56
2024-02-26,21.41
2024-02-27,20.4
2024-02-28,19.22
2024-02-29,19.23
2024-03-01,20.74
2024-03-04,20.98
2024-03-05,20.38
2024-03-06,20.87
2024-03-07,21.65
2024-03-08,21.95
2024-03-11,21.96
2024-03-12,21.52
2024-03-13,21.36
2024-03-14,20.57
2024-03-15,20.33
2024-03-18,20.23
2024-03-19,19.5
2024-03-21,18.83
2024-03-22,18.5
2024-03-25,19.07
2024-03-26,18.72
2024-03-27,19.28
2024-03-28,19.06
2024-03-29,18.57
2024-04-01,19.65
2024-04-02,19.15
2024-04-03,20.12
2024-04-04,19.54
2024-04-05,21.48
2024-04-08,21.24
2024-04-09,20.12
2024-04-10,20.47
2024-04-11,20.73
2024-04-12,19.97
2024-04-15,20.8
2024-04-16,22.09
2024-04-17,22.77
2024-04-18,21.49
2024-04-19,24.43
2024-04-22,21.68
2024-04-23,20.72
2024-04-24,20.01
2024-04-25,21.46
2024-04-26,20.82
2024-04-30,20.47
2024-05-01,20.66
2024-05-02,19.91
2024-05-07,19.2
2024-05-08,20.75
2024-05-09,19.88
2024-05-10,18.53
2024-05-13,18.49
2024-05-14,18.23
2024-05-15,18.45
2024-05-16,17.39
2024-05-17,16.79
2024-05-20,17.22
2024-05-21,17.11
2024-05-22,17.11
2024-05-23,16.25
2024-05-24,16.96
2024-05-27,16.78
2024-05-28,16.23
2024-05-29,16.8
2024-05-30,17.62
2024-05-31,16.84
2024-06-03,17.02
2024-06-04,17.15
2024-06-05,17.77
2024-06-06,17.74
2024-06-07,17.77
2024-06-10,17.98
2024-06-11,17.58
2024-06-12,17.61
2024-06-13,17.15
2024-06-14,16.29
2024-06-17,18.35
2024-06-18,17.11
2024-06-19,16.85
2024-06-20,16.72
2024-06-21,16.33
2024-06-24,17.0
2024-06-25,16.74
2024-06-26,16.68
2024-06-27,16.18
2024-06-28,16.13
2024-07-01,16.04
2024-07-02,16.05
2024-07-03,16.47
2024-07-04,16.84
2024-07-05,16.76
2024-07-08,17.44
2024-07-09,17.47
2024-07-10,17.79
2024-07-11,18.12
2024-07-12,18.37
2024-07-16,17.91
2024-07-17,18.0
2024-07-18,18.85
2024-07-19,19.53
2024-07-22,20.6
2024-07-23,19.06
2024-07-24,19.01
2024-07-25,22.02
2024-07-26,22.2
2024-07-29,21.43
2024-07-30,21.77
2024-07-31,21.39
2024-08-01,21.82
2024-08-02,29.44
2024-08-05,70.69
2024-08-06,51.19
2024-08-07,45.02
2024-08-08,46.62
2024-08-09,45.28
2024-08-13,35.2
2024-08-14,31.32
2024-08-15,27.25
2024-08-16,26.54
2024-08-19,29.52
2024-08-20,27.61
2024-08-21,27.05
2024-08-22,27.13
2024-08-23,25.38
2024-08-26,25.43
2024-08-27,23.65
2024-08-28,22.47
2024-08-29,22.7
2024-08-30,21.32
2024-09-02,21.53
2024-09-03,20.86
2024-09-04,27.05
2024-09-05,29.09
2024-09-06,29.07
2024-09-09,28.72
2024-09-10,28.13
2024-09-11,28.33
2024-09-12,26.73
2024-09-13,28.82
2024-09-17,27.81
2024-09-18,27.14
2024-09-19,25.73
2024-09-20,24.33
2024-09-24,26.62
2024-09-25,24.77
2024-09-26,26.01
2024-09-27,26.51
2024-09-30,28.23
2024-10-01,24.75
2024-10-02,27.85
2024-10-03,26.7
2024-10-04,25.09
2024-10-07,30.19
2024-10-08,33.54
2024-10-09,32.08
2024-10-10,28.67
2024-10-11,28.67
2024-10-15,27.14
2024-10-16,27.3
2024-10-17,26.55
2024-10-18,26.43
2024-10-21,26.24
2024-10-22,27.22
2024-10-23,27.8
2024-10-24,27.8
2024-10-25,32.14
2024-10-28,25.86
2024-10-29,29.44
2024-10-30,25.97
2024-10-31,25.75
2024-11-01,26.03
2024-11-05,27.15
2024-11-06,23.09
2024-11-07,27.52
2024-11-08,26.04
2024-11-11,23.71
2024-11-12,23.08
2024-11-13,24.79
2024-11-14,24.38
2024-11-15,23.22
2024-11-18,26.12
2024-11-19,24.65
2024-11-20,23.42
2024-11-21,26.15
2024-11-22,23.64
2024-11-25,20.85
2024-11-26,20.77
2024-11-27,22.95
2024-11-28,24.07
2024-11-29,22.31
2024-12-02,18.72
2024-12-03,22.84
2024-12-04,21.27
2024-12-05,22.23
2024-12-06,22.92
2024-12-09,21.43
2024-12-10,22.56
2024-12-11,22.4
2024-12-12,21.97
2024-12-13,21.63
2024-12-16,19.96
2024-12-17,19.57
2024-12-18,21.12
2024-12-19,23.9
2024-12-20,23.18
2024-12-23,21.84
2024-12-24,18.31
2024-12-25,21.04
2024-12-26,20.65
2024-12-27,20.8
2024-12-30,21.79
2025-01-06,22.78
2025-01-07,21.79
2025-01-08,24.31
2025-01-09,24.82
2025-01-10,21.74
2025-01-14,24.3
2025-01-15,23.88
2025-01-16,22.6
2025-01-17,22.62
2025-01-20,21.81
2025-01-21,21.5
2025-01-22,21.0
2025-01-23,20.64
2025-01-24,19.99
2025-01-27,22.21
2025-01-28,23.83
2025-01-29,21.93
2025-01-30,21.0
2025-01-31,20.48
2025-02-03,24.63
2025-02-04,23.2
2025-02-05,22.72
2025-02-06,21.63
2025-02-07,21.69
2025-02-10,21.75
2025-02-12,21.01
2025-02-13,20.02
2025-02-14,21.11
2025-02-17,20.53
2025-02-18,20.0
2025-02-19,19.83
2025-02-20,21.0
2025-02-21,21.06
2025-02-25,23.63
2025-02-26,25.24
2025-02-27,22.93
2025-02-28,27.32
2025-03-03,25.28
2025-03-04,27.2
2025-03-05,26.57
2025-03-06,25.19
2025-03-07,28.16
2025-03-10,28.28
2025-03-11,29.14
2025-03-12,27.79
2025-03-13,26.91
2025-03-14,24.77
2025-03-17,23.8
2025-03-18,22.84
2025-03-19,22.58
2025-03-21,21.54
2025-03-24,21.86
2025-03-25,21.53
2025-03-26,20.98
2025-03-27,21.86
2025-03-28,22.35
2025-03-31,28.15
2025-04-01,27.84
2025-04-02,27.34
2025-04-03,31.03
2025-04-04,35.58
2025-04-07,58.39
2025-04-08,46.99
2025-04-09,56.61
2025-04-10,39.25
2025-04-11,44.36
2025-04-14,38.91
2025-04-15,34.45
2025-04-16,35.2
2025-04-17,32.1
2025-04-18,31.42
2025-04-21,33.85
2025-04-22,33.64
2025-04-23,29.88
2025-04-24,30.06
2025-04-25,28.84
2025-04-28,28.81
2025-04-30,27.23
2025-05-01,26.25
2025-05-02,26.74
2025-05-07,29.85
2025-05-08,28.13
2025-05-09,24.58
2025-05-12,24.18
2025-05-13,22.1
2025-05-14,21.85
2025-05-15,22.72
2025-05-16,22.94
2025-05-19,24.03
2025-05-20,24.21
2025-05-21,23.53
2025-05-22,25.4
2025-05-23,24.48
2025-05-26,24.41
2025-05-27,24.15
2025-05-28,23.2
2025-05-29,23.39
2025-05-30,23.74
2025-06-02,25.09
2025-06-03,24.57
2025-06-04,23.4
2025-06-05,23.52
2025-06-06,23.56
2025-06-09,22.78
2025-06-10,22.95
2025-06-11,22.8
2025-06-12,23.52
2025-06-13,27.44
2025-06-16,25.21
2025-06-17,24.64
2025-06-18,24.91
2025-06-19,25.2
2025-06-20,25.6
2025-06-23,26.6
2025-06-24,23.92
2025-06-25,23.29
2025-06-26,23.12
2025-06-27,23.29
2025-06-30,24.59
2025-07-01,24.25
2025-07-02,25.41
2025-07-03,25.83
2025-07-04,26.67
2025-07-07,27.37
2025-07-08,25.52
2025-07-09,23.6
2025-07-10,22.69
2025-07-11,22.88
2025-07-14,23.96
2025-07-15,23.55
2025-07-16,24.27
2025-07-17,24.35
2025-07-18,24.75
2025-07-22,22.92
2025-07-23,22.73
2025-07-24,23.1
2025-07-25,22.17
2025-07-28,22.85
2025-07-29,22.71
2025-07-30,23.04
2025-07-31,22.45
2025-08-01,23.29
2025-08-04,26.18
2025-08-05,23.66
2025-08-06,26.41
2025-08-07,25.15
2025-08-08,24.7
2025-08-12,24.66
2025-08-13,24.5
2025-08-14,24.56
2025-08-15,24.61
2025-08-18,24.85
2025-08-19,24.22
2025-08-20,25.15
2025-08-21,25.06
2025-08-22,25.11
2025-08-25,24.25
2025-08-26,24.03
2025-08-27,23.49
2025-08-28,22.78
2025-08-29,22.27
2025-09-01,24.22
2025-09-02,23.7
2025-09-03,24.72
2025-09-04,23.87
2025-09-05,24.32
2025-09-08,25.07
2025-09-09,24.6
2025-09-10,24.35
2025-09-11,24.54
2025-09-12,24.44
2025-09-16,24.13
2025-09-17,24.17
2025-09-18,24.11
2025-09-19,24.05
2025-09-22,24.47
2025-09-24,24.42
2025-09-25,24.1
2025-09-26,25.99
2025-09-29,25.58
2025-09-30,25.24
2025-10-01,25.66
2025-10-02,25.29
2025-10-03,24.84
2025-10-06,27.72
2025-10-07,26.96
2025-10-08,28.78
2025-10-09,30.13
2025-10-10,30.11
2025-10-14,32.81
2025-10-15,31.36
2025-10-16,30.77
2025-10-17,35.53
2025-10-20,30.04
2025-10-21,30.06
2025-10-22,29.45
2025-10-23,27.42
2025-10-24,25.44
2025-10-27,28.68
2025-10-28,27.33
2025-10-29,29.51
2025-10-30,29.35
2025-10-31,28.22
2025-11-04,32.66
2025-11-05,36.61
2025-11-06,33.63
2025-11-07,35.51
2025-11-10,33.72
2025-11-11,32.06
2025-11-12,28.9
2025-11-13,27.49
2025-11-14,31.23
2025-11-17,28.54
2025-11-18,35.28
2025-11-19,36.56
2025-11-20,29.83
2025-11-21,37.25
2025-11-25,37.21
2025-11-26,33.26
2025-11-27,29.76
2025-11-28,27.61
2025-12-01,30.08
2025-12-02,28.61
2025-12-03,27.7
2025-12-04,28.12
2025-12-05,28.32
2025-12-08,28.35
2025-12-09,28.04
2025-12-10,28.02
2025-12-11,27.26
2025-12-12,26.69
2025-12-15,28.77
2025-12-16,29.85
2025-12-17,28.34
2025-12-18,27.97
2025-12-19,27.31
2025-12-22,25.36
2025-12-23,22.3
2025-12-24,22.38
2025-12-25,18.77
2025-12-26,21.77
2025-12-29,23.67
2025-12-30,23.77
2026-01-05,25.33
2026-01-06,26.62
2026-01-07,30.99
2026-01-08,30.47
2026-01-09,26.37
2026-01-13,28.85
2026-01-14,29.7
2026-01-15,30.25
2026-01-16,30.03
2026-01-19,29.65
2026-01-20,32.84
2026-01-21,34.29
2026-01-22,29.61
2026-01-23,31.66
2026-01-26,34.57
2026-01-27,34.14
2026-01-28,34.33
2026-01-29,33.2
2026-01-30,34.74
2026-02-02,36.32
2026-02-03,35.83
2026-02-04,35.8
2026-02-05,36.16
2026-02-06,39.03
2026-02-09,35.82
2026-02-10,35.77
2026-02-12,34.1
2026-02-13,34.21
2026-02-16,31.03
2026-02-17,29.82
2026-02-18,27.89
2026-02-19,29.07
2026-02-20,26.76
2026-02-24,30.8
2026-02-25,26.89
2026-02-26,31.21
2026-02-27,27.33
2026-03-02,34.99
2026-03-03,29.98
2026-03-04,53.05
2026-03-05,32.07
2026-03-06,41.05
2026-03-09,57.0
2026-03-10,32.55
2026-03-11,42.94
2026-03-12,44.37
2026-03-13,45.8
2026-03-16,42.5
2026-03-17,33.0
2026-03-18,32.44
2026-03-19,35.07
2026-03-23,40.93
2026-03-24,36.35
2026-03-25,37.66
2026-03-26,44.48
2026-03-27,33.32
2026-03-30,49.45
2026-03-31,48.09
2026-04-01,26.43
2026-04-02,42.35
2026-04-03,27.17
2026-04-06,38.6
2026-04-07,39.75
2026-04-08,36.09
2026-04-09,33.85
2026-04-10,32.61
2026-04-13,32.03
2026-04-14,29.32
2026-04-15,27.46
2026-04-16,28.58
2026-04-17,28.4
2026-04-20,32.89
2026-04-21,29.97
2026-04-22,29.73
2026-04-23,27.12
2026-04-24,29.59
2026-04-27,29.55
2026-04-28,31.71
2026-04-30,28.58
2026-05-01,39.79
2026-05-07,37.64
2026-05-08,34.16
2026-05-11,31.75
2026-05-12,31.85
2026-05-13,31.22
2026-05-14,29.67
2026-05-15,29.71
2026-05-18,30.79
2026-05-19,30.94
2026-05-20,29.96
2026-05-21,27.98
2026-05-22,28.35
2026-05-25,29.7
2026-05-26,29.36
2026-05-27,31.14
2026-05-28,26.95
2026-05-29,26.04
2026-06-01,28.54
2026-06-02,33.68
2026-06-03,29.31
2026-06-04,29.46
2026-06-05,28.37
2026-06-08,32.46
2026-06-09,32.65
2026-06-10,38.01
2026-06-11,38.22
2026-06-12,37.28
2026-06-15,34.78
2026-06-16,31.09
2026-06-17,29.11
2026-06-18,30.53
2026-06-19,29.94
2026-06-22,29.43
2026-06-23,31.34
2026-06-24,39.69
2026-06-25,30.77
2026-06-26,33.12
2026-06-29,43.36
2026-06-30,38.3
2026-07-01,33.78
2026-07-02,24.74
2026-07-03,34.11
2026-07-06,37.36
2026-07-07,29.7
2026-07-08,43.65
2026-07-09,43.82
2026-07-10,38.13
2026-07-13,37.23
2026-07-14,35.39
2026-07-15,32.0
2026-07-16,32.27
2026-07-17,36.86
2026-07-21,33.07
2026-07-22,32.59
2026-07-23,34.82
2026-07-24,32.88
2026-07-27,32.41
2026-07-28,41.14
2026-07-29,39.52
2026-07-30,39.79
2026-07-31,29.38
2026-08-01,29.38
2026-08-02,29.38
